{"Episode/rew_feet_air_time":0.00020456644,"Perf/learning_time":0.10518265,"Loss/value_function":0.012983483,"Episode/rew_tracking_lin_vel":0.021862954,"Episode/rew_torques":-0.0096852435,"Episode/rew_orientation":0.009862113,"Perf/total_fps":57354,"Loss/learning_rate":0.0012974634,"Episode/rew_action_smoothness":-0.0024057936,"_step":98,"Episode/rew_vel_mismatch_exp":0.008541189,"_runtime":16.295153617,"Train/mean_episode_length/time":139.14,"global_step":12,"Episode/rew_feet_clearance":0.0015156479,"Loss/surrogate":-0.0012089579,"Episode/rew_collision":-0.00041402693,"_wandb":{"runtime":16},"Episode/rew_track_vel_hard":-0.009434971,"Episode/rew_knee_distance":0.008803986,"Policy/mean_noise_std":0.99274933,"Episode/rew_feet_distance":0.009382151,"Train/mean_reward":2.1326318,"Train/mean_episode_length":139.14,"Train/mean_reward/time":2.1326318,"Episode/rew_feet_contact_number":0.024347803,"Episode/rew_tracking_ang_vel":0.014822273,"Episode/rew_base_height":0.00047523718,"Episode/rew_dof_acc":-0.004640729,"Perf/collection time":4.179739,"Episode/rew_feet_contact_forces":-0.029597102,"Episode/rew_default_joint_pos":0.0024717238,"_timestamp":1.7337320293799114e+09,"Episode/rew_low_speed":-0.009011183,"Episode/rew_joint_pos":0.0277132,"Episode/rew_dof_vel":-0.001980333,"Episode/rew_base_acc":0.0025253925,"Episode/rew_foot_slip":-0.004246629}